-- MySQL Script generated by MySQL Workbench
-- Wed Nov  2 12:29:41 2022
-- Model: New Model    Version: 1.0
-- MySQL Workbench Forward Engineering

SET @OLD_UNIQUE_CHECKS=@@UNIQUE_CHECKS, UNIQUE_CHECKS=0;
SET @OLD_FOREIGN_KEY_CHECKS=@@FOREIGN_KEY_CHECKS, FOREIGN_KEY_CHECKS=0;
SET @OLD_SQL_MODE=@@SQL_MODE, SQL_MODE='ONLY_FULL_GROUP_BY,STRICT_TRANS_TABLES,NO_ZERO_IN_DATE,NO_ZERO_DATE,ERROR_FOR_DIVISION_BY_ZERO,NO_ENGINE_SUBSTITUTION';

-- -----------------------------------------------------
-- Schema secretCellarNew
-- -----------------------------------------------------
DROP SCHEMA IF EXISTS `secretCellarNew` ;

-- -----------------------------------------------------
-- Schema secretCellarNew
-- -----------------------------------------------------
CREATE SCHEMA IF NOT EXISTS `secretCellarNew` DEFAULT CHARACTER SET utf8 ;
USE `secretCellarNew` ;

-- -----------------------------------------------------
-- Table `secretCellarNew`.`color`
-- -----------------------------------------------------
DROP TABLE IF EXISTS `secretCellarNew`.`color` ;

CREATE TABLE IF NOT EXISTS `secretCellarNew`.`color` (
  `id` INT NOT NULL AUTO_INCREMENT,
  `label` VARCHAR(45) NULL,
  PRIMARY KEY (`id`))
ENGINE = InnoDB;

INSERT INTO `color` (`id`,`label`) VALUES (1,'rouge');
INSERT INTO `color` (`id`,`label`) VALUES (2,'blanc');
INSERT INTO `color` (`id`,`label`) VALUES (3,'rosé');


-- -----------------------------------------------------
-- Table `secretCellarNew`.`winePairing`
-- -----------------------------------------------------
DROP TABLE IF EXISTS `secretCellarNew`.`winePairing` ;

CREATE TABLE IF NOT EXISTS `secretCellarNew`.`winePairing` (
  `id` INT NOT NULL AUTO_INCREMENT,
  `label` VARCHAR(45) NULL,
  PRIMARY KEY (`id`))
ENGINE = InnoDB;

INSERT INTO `winePairing` (`id`,`label`) VALUES (1,'charcuterie');
INSERT INTO `winePairing` (`id`,`label`) VALUES (2,'viande rouge');
INSERT INTO `winePairing` (`id`,`label`) VALUES (3,'viande blanche');
INSERT INTO `winePairing` (`id`,`label`) VALUES (4,'gibier');
INSERT INTO `winePairing` (`id`,`label`) VALUES (5,'poisson');
INSERT INTO `winePairing` (`id`,`label`) VALUES (6,'fromage');
INSERT INTO `winePairing` (`id`,`label`) VALUES (7,'chocolat');
INSERT INTO `winePairing` (`id`,`label`) VALUES (8,'dessert fruité');

-- -----------------------------------------------------
-- Table `secretCellarNew`.`country`
-- -----------------------------------------------------
DROP TABLE IF EXISTS `secretCellarNew`.`country` ;

CREATE TABLE IF NOT EXISTS `secretCellarNew`.`country` (
  `id` INT NOT NULL AUTO_INCREMENT,
  `label` VARCHAR(45) NULL,
  PRIMARY KEY (`id`))
ENGINE = InnoDB;

/*
-- Query: SELECT * FROM secretCellarNew.country
LIMIT 0, 400

-- Date: 2022-11-01 16:08
*/INSERT INTO `country` (`id`,`label`) VALUES (1,'Afghanistan');
INSERT INTO `country` (`id`,`label`) VALUES (2,'Albanie');
INSERT INTO `country` (`id`,`label`) VALUES (3,'Antarctique');
INSERT INTO `country` (`id`,`label`) VALUES (4,'Algérie');
INSERT INTO `country` (`id`,`label`) VALUES (5,'Samoa Américaines');
INSERT INTO `country` (`id`,`label`) VALUES (6,'Andorre');
INSERT INTO `country` (`id`,`label`) VALUES (7,'Angola');
INSERT INTO `country` (`id`,`label`) VALUES (8,'Antigua-et-Barbuda');
INSERT INTO `country` (`id`,`label`) VALUES (9,'Azerbaïdjan');
INSERT INTO `country` (`id`,`label`) VALUES (10,'Argentine');
INSERT INTO `country` (`id`,`label`) VALUES (11,'Australie');
INSERT INTO `country` (`id`,`label`) VALUES (12,'Autriche');
INSERT INTO `country` (`id`,`label`) VALUES (13,'Bahamas');
INSERT INTO `country` (`id`,`label`) VALUES (14,'Bahreïn');
INSERT INTO `country` (`id`,`label`) VALUES (15,'Bangladesh');
INSERT INTO `country` (`id`,`label`) VALUES (16,'Arménie');
INSERT INTO `country` (`id`,`label`) VALUES (17,'Barbade');
INSERT INTO `country` (`id`,`label`) VALUES (18,'Belgique');
INSERT INTO `country` (`id`,`label`) VALUES (19,'Bermudes');
INSERT INTO `country` (`id`,`label`) VALUES (20,'Bhoutan');
INSERT INTO `country` (`id`,`label`) VALUES (21,'Bolivie');
INSERT INTO `country` (`id`,`label`) VALUES (22,'Bosnie-Herzégovine');
INSERT INTO `country` (`id`,`label`) VALUES (23,'Botswana');
INSERT INTO `country` (`id`,`label`) VALUES (24,'Île Bouvet');
INSERT INTO `country` (`id`,`label`) VALUES (25,'Brésil');
INSERT INTO `country` (`id`,`label`) VALUES (26,'Belize');
INSERT INTO `country` (`id`,`label`) VALUES (27,'Territoire Britannique de l\'Océan Indien');
INSERT INTO `country` (`id`,`label`) VALUES (28,'Îles Salomon');
INSERT INTO `country` (`id`,`label`) VALUES (29,'Îles Vierges Britanniques');
INSERT INTO `country` (`id`,`label`) VALUES (30,'Brunéi Darussalam');
INSERT INTO `country` (`id`,`label`) VALUES (31,'Bulgarie');
INSERT INTO `country` (`id`,`label`) VALUES (32,'Myanmar');
INSERT INTO `country` (`id`,`label`) VALUES (33,'Burundi');
INSERT INTO `country` (`id`,`label`) VALUES (34,'Bélarus');
INSERT INTO `country` (`id`,`label`) VALUES (35,'Cambodge');
INSERT INTO `country` (`id`,`label`) VALUES (36,'Cameroun');
INSERT INTO `country` (`id`,`label`) VALUES (37,'Canada');
INSERT INTO `country` (`id`,`label`) VALUES (38,'Cap-vert');
INSERT INTO `country` (`id`,`label`) VALUES (39,'Îles Caïmanes');
INSERT INTO `country` (`id`,`label`) VALUES (40,'République Centrafricaine');
INSERT INTO `country` (`id`,`label`) VALUES (41,'Sri Lanka');
INSERT INTO `country` (`id`,`label`) VALUES (42,'Tchad');
INSERT INTO `country` (`id`,`label`) VALUES (43,'Chili');
INSERT INTO `country` (`id`,`label`) VALUES (44,'Chine');
INSERT INTO `country` (`id`,`label`) VALUES (45,'Taïwan');
INSERT INTO `country` (`id`,`label`) VALUES (46,'Île Christmas');
INSERT INTO `country` (`id`,`label`) VALUES (47,'Îles Cocos (Keeling)');
INSERT INTO `country` (`id`,`label`) VALUES (48,'Colombie');
INSERT INTO `country` (`id`,`label`) VALUES (49,'Comores');
INSERT INTO `country` (`id`,`label`) VALUES (50,'Mayotte');
INSERT INTO `country` (`id`,`label`) VALUES (51,'République du Congo');
INSERT INTO `country` (`id`,`label`) VALUES (52,'République Démocratique du Congo');
INSERT INTO `country` (`id`,`label`) VALUES (53,'Îles Cook');
INSERT INTO `country` (`id`,`label`) VALUES (54,'Costa Rica');
INSERT INTO `country` (`id`,`label`) VALUES (55,'Croatie');
INSERT INTO `country` (`id`,`label`) VALUES (56,'Cuba');
INSERT INTO `country` (`id`,`label`) VALUES (57,'Chypre');
INSERT INTO `country` (`id`,`label`) VALUES (58,'République Tchèque');
INSERT INTO `country` (`id`,`label`) VALUES (59,'Bénin');
INSERT INTO `country` (`id`,`label`) VALUES (60,'Danemark');
INSERT INTO `country` (`id`,`label`) VALUES (61,'Dominique');
INSERT INTO `country` (`id`,`label`) VALUES (62,'République Dominicaine');
INSERT INTO `country` (`id`,`label`) VALUES (63,'Équateur');
INSERT INTO `country` (`id`,`label`) VALUES (64,'El Salvador');
INSERT INTO `country` (`id`,`label`) VALUES (65,'Guinée Équatoriale');
INSERT INTO `country` (`id`,`label`) VALUES (66,'Éthiopie');
INSERT INTO `country` (`id`,`label`) VALUES (67,'Érythrée');
INSERT INTO `country` (`id`,`label`) VALUES (68,'Estonie');
INSERT INTO `country` (`id`,`label`) VALUES (69,'Îles Féroé');
INSERT INTO `country` (`id`,`label`) VALUES (70,'Îles (malvinas) Falkland');
INSERT INTO `country` (`id`,`label`) VALUES (71,'Géorgie du Sud et les Îles Sandwich du Sud');
INSERT INTO `country` (`id`,`label`) VALUES (72,'Fidji');
INSERT INTO `country` (`id`,`label`) VALUES (73,'Finlande');
INSERT INTO `country` (`id`,`label`) VALUES (74,'Îles Åland');
INSERT INTO `country` (`id`,`label`) VALUES (75,'France');
INSERT INTO `country` (`id`,`label`) VALUES (76,'Guyane Française');
INSERT INTO `country` (`id`,`label`) VALUES (77,'Polynésie Française');
INSERT INTO `country` (`id`,`label`) VALUES (78,'Terres Australes Françaises');
INSERT INTO `country` (`id`,`label`) VALUES (79,'Djibouti');
INSERT INTO `country` (`id`,`label`) VALUES (80,'Gabon');
INSERT INTO `country` (`id`,`label`) VALUES (81,'Géorgie');
INSERT INTO `country` (`id`,`label`) VALUES (82,'Gambie');
INSERT INTO `country` (`id`,`label`) VALUES (83,'Territoire Palestinien Occupé');
INSERT INTO `country` (`id`,`label`) VALUES (84,'Allemagne');
INSERT INTO `country` (`id`,`label`) VALUES (85,'Ghana');
INSERT INTO `country` (`id`,`label`) VALUES (86,'Gibraltar');
INSERT INTO `country` (`id`,`label`) VALUES (87,'Kiribati');
INSERT INTO `country` (`id`,`label`) VALUES (88,'Grèce');
INSERT INTO `country` (`id`,`label`) VALUES (89,'Groenland');
INSERT INTO `country` (`id`,`label`) VALUES (90,'Grenade');
INSERT INTO `country` (`id`,`label`) VALUES (91,'Guadeloupe');
INSERT INTO `country` (`id`,`label`) VALUES (92,'Guam');
INSERT INTO `country` (`id`,`label`) VALUES (93,'Guatemala');
INSERT INTO `country` (`id`,`label`) VALUES (94,'Guinée');
INSERT INTO `country` (`id`,`label`) VALUES (95,'Guyana');
INSERT INTO `country` (`id`,`label`) VALUES (96,'Haïti');
INSERT INTO `country` (`id`,`label`) VALUES (97,'Îles Heard et Mcdonald');
INSERT INTO `country` (`id`,`label`) VALUES (98,'Saint-Siège (état de la Cité du Vatican)');
INSERT INTO `country` (`id`,`label`) VALUES (99,'Honduras');
INSERT INTO `country` (`id`,`label`) VALUES (100,'Hong-Kong');
INSERT INTO `country` (`id`,`label`) VALUES (101,'Hongrie');
INSERT INTO `country` (`id`,`label`) VALUES (102,'Islande');
INSERT INTO `country` (`id`,`label`) VALUES (103,'Inde');
INSERT INTO `country` (`id`,`label`) VALUES (104,'Indonésie');
INSERT INTO `country` (`id`,`label`) VALUES (105,'République Islamique d\'Iran');
INSERT INTO `country` (`id`,`label`) VALUES (106,'Iraq');
INSERT INTO `country` (`id`,`label`) VALUES (107,'Irlande');
INSERT INTO `country` (`id`,`label`) VALUES (108,'Israël');
INSERT INTO `country` (`id`,`label`) VALUES (109,'Italie');
INSERT INTO `country` (`id`,`label`) VALUES (110,'Côte d\'Ivoire');
INSERT INTO `country` (`id`,`label`) VALUES (111,'Jamaïque');
INSERT INTO `country` (`id`,`label`) VALUES (112,'Japon');
INSERT INTO `country` (`id`,`label`) VALUES (113,'Kazakhstan');
INSERT INTO `country` (`id`,`label`) VALUES (114,'Jordanie');
INSERT INTO `country` (`id`,`label`) VALUES (115,'Kenya');
INSERT INTO `country` (`id`,`label`) VALUES (116,'République Populaire Démocratique de Corée');
INSERT INTO `country` (`id`,`label`) VALUES (117,'République de Corée');
INSERT INTO `country` (`id`,`label`) VALUES (118,'Koweït');
INSERT INTO `country` (`id`,`label`) VALUES (119,'Kirghizistan');
INSERT INTO `country` (`id`,`label`) VALUES (120,'République Démocratique Populaire Lao');
INSERT INTO `country` (`id`,`label`) VALUES (121,'Liban');
INSERT INTO `country` (`id`,`label`) VALUES (122,'Lesotho');
INSERT INTO `country` (`id`,`label`) VALUES (123,'Lettonie');
INSERT INTO `country` (`id`,`label`) VALUES (124,'Libéria');
INSERT INTO `country` (`id`,`label`) VALUES (125,'Jamahiriya Arabe Libyenne');
INSERT INTO `country` (`id`,`label`) VALUES (126,'Liechtenstein');
INSERT INTO `country` (`id`,`label`) VALUES (127,'Lituanie');
INSERT INTO `country` (`id`,`label`) VALUES (128,'Luxembourg');
INSERT INTO `country` (`id`,`label`) VALUES (129,'Macao');
INSERT INTO `country` (`id`,`label`) VALUES (130,'Madagascar');
INSERT INTO `country` (`id`,`label`) VALUES (131,'Malawi');
INSERT INTO `country` (`id`,`label`) VALUES (132,'Malaisie');
INSERT INTO `country` (`id`,`label`) VALUES (133,'Maldives');
INSERT INTO `country` (`id`,`label`) VALUES (134,'Mali');
INSERT INTO `country` (`id`,`label`) VALUES (135,'Malte');
INSERT INTO `country` (`id`,`label`) VALUES (136,'Martinique');
INSERT INTO `country` (`id`,`label`) VALUES (137,'Mauritanie');
INSERT INTO `country` (`id`,`label`) VALUES (138,'Maurice');
INSERT INTO `country` (`id`,`label`) VALUES (139,'Mexique');
INSERT INTO `country` (`id`,`label`) VALUES (140,'Monaco');
INSERT INTO `country` (`id`,`label`) VALUES (141,'Mongolie');
INSERT INTO `country` (`id`,`label`) VALUES (142,'République de Moldova');
INSERT INTO `country` (`id`,`label`) VALUES (143,'Montserrat');
INSERT INTO `country` (`id`,`label`) VALUES (144,'Maroc');
INSERT INTO `country` (`id`,`label`) VALUES (145,'Mozambique');
INSERT INTO `country` (`id`,`label`) VALUES (146,'Oman');
INSERT INTO `country` (`id`,`label`) VALUES (147,'Namibie');
INSERT INTO `country` (`id`,`label`) VALUES (148,'Nauru');
INSERT INTO `country` (`id`,`label`) VALUES (149,'Népal');
INSERT INTO `country` (`id`,`label`) VALUES (150,'Pays-Bas');
INSERT INTO `country` (`id`,`label`) VALUES (151,'Antilles Néerlandaises');
INSERT INTO `country` (`id`,`label`) VALUES (152,'Aruba');
INSERT INTO `country` (`id`,`label`) VALUES (153,'Nouvelle-Calédonie');
INSERT INTO `country` (`id`,`label`) VALUES (154,'Vanuatu');
INSERT INTO `country` (`id`,`label`) VALUES (155,'Nouvelle-Zélande');
INSERT INTO `country` (`id`,`label`) VALUES (156,'Nicaragua');
INSERT INTO `country` (`id`,`label`) VALUES (157,'Niger');
INSERT INTO `country` (`id`,`label`) VALUES (158,'Nigéria');
INSERT INTO `country` (`id`,`label`) VALUES (159,'Niué');
INSERT INTO `country` (`id`,`label`) VALUES (160,'Île Norfolk');
INSERT INTO `country` (`id`,`label`) VALUES (161,'Norvège');
INSERT INTO `country` (`id`,`label`) VALUES (162,'Îles Mariannes du Nord');
INSERT INTO `country` (`id`,`label`) VALUES (163,'Îles Mineures Éloignées des États-Unis');
INSERT INTO `country` (`id`,`label`) VALUES (164,'États Fédérés de Micronésie');
INSERT INTO `country` (`id`,`label`) VALUES (165,'Îles Marshall');
INSERT INTO `country` (`id`,`label`) VALUES (166,'Palaos');
INSERT INTO `country` (`id`,`label`) VALUES (167,'Pakistan');
INSERT INTO `country` (`id`,`label`) VALUES (168,'Panama');
INSERT INTO `country` (`id`,`label`) VALUES (169,'Papouasie-Nouvelle-Guinée');
INSERT INTO `country` (`id`,`label`) VALUES (170,'Paraguay');
INSERT INTO `country` (`id`,`label`) VALUES (171,'Pérou');
INSERT INTO `country` (`id`,`label`) VALUES (172,'Philippines');
INSERT INTO `country` (`id`,`label`) VALUES (173,'Pitcairn');
INSERT INTO `country` (`id`,`label`) VALUES (174,'Pologne');
INSERT INTO `country` (`id`,`label`) VALUES (175,'Portugal');
INSERT INTO `country` (`id`,`label`) VALUES (176,'Guinée-Bissau');
INSERT INTO `country` (`id`,`label`) VALUES (177,'Timor-Leste');
INSERT INTO `country` (`id`,`label`) VALUES (178,'Porto Rico');
INSERT INTO `country` (`id`,`label`) VALUES (179,'Qatar');
INSERT INTO `country` (`id`,`label`) VALUES (180,'Réunion');
INSERT INTO `country` (`id`,`label`) VALUES (181,'Roumanie');
INSERT INTO `country` (`id`,`label`) VALUES (182,'Fédération de Russie');
INSERT INTO `country` (`id`,`label`) VALUES (183,'Rwanda');
INSERT INTO `country` (`id`,`label`) VALUES (184,'Sainte-Hélène');
INSERT INTO `country` (`id`,`label`) VALUES (185,'Saint-Kitts-et-Nevis');
INSERT INTO `country` (`id`,`label`) VALUES (186,'Anguilla');
INSERT INTO `country` (`id`,`label`) VALUES (187,'Sainte-Lucie');
INSERT INTO `country` (`id`,`label`) VALUES (188,'Saint-Pierre-et-Miquelon');
INSERT INTO `country` (`id`,`label`) VALUES (189,'Saint-Vincent-et-les Grenadines');
INSERT INTO `country` (`id`,`label`) VALUES (190,'Saint-Marin');
INSERT INTO `country` (`id`,`label`) VALUES (191,'Sao Tomé-et-Principe');
INSERT INTO `country` (`id`,`label`) VALUES (192,'Arabie Saoudite');
INSERT INTO `country` (`id`,`label`) VALUES (193,'Sénégal');
INSERT INTO `country` (`id`,`label`) VALUES (194,'Seychelles');
INSERT INTO `country` (`id`,`label`) VALUES (195,'Sierra Leone');
INSERT INTO `country` (`id`,`label`) VALUES (196,'Singapour');
INSERT INTO `country` (`id`,`label`) VALUES (197,'Slovaquie');
INSERT INTO `country` (`id`,`label`) VALUES (198,'Viet Nam');
INSERT INTO `country` (`id`,`label`) VALUES (199,'Slovénie');
INSERT INTO `country` (`id`,`label`) VALUES (200,'Somalie');
INSERT INTO `country` (`id`,`label`) VALUES (201,'Afrique du Sud');
INSERT INTO `country` (`id`,`label`) VALUES (202,'Zimbabwe');
INSERT INTO `country` (`id`,`label`) VALUES (203,'Espagne');
INSERT INTO `country` (`id`,`label`) VALUES (204,'Sahara Occidental');
INSERT INTO `country` (`id`,`label`) VALUES (205,'Soudan');
INSERT INTO `country` (`id`,`label`) VALUES (206,'Suriname');
INSERT INTO `country` (`id`,`label`) VALUES (207,'Svalbard etÎle Jan Mayen');
INSERT INTO `country` (`id`,`label`) VALUES (208,'Swaziland');
INSERT INTO `country` (`id`,`label`) VALUES (209,'Suède');
INSERT INTO `country` (`id`,`label`) VALUES (210,'Suisse');
INSERT INTO `country` (`id`,`label`) VALUES (211,'République Arabe Syrienne');
INSERT INTO `country` (`id`,`label`) VALUES (212,'Tadjikistan');
INSERT INTO `country` (`id`,`label`) VALUES (213,'Thaïlande');
INSERT INTO `country` (`id`,`label`) VALUES (214,'Togo');
INSERT INTO `country` (`id`,`label`) VALUES (215,'Tokelau');
INSERT INTO `country` (`id`,`label`) VALUES (216,'Tonga');
INSERT INTO `country` (`id`,`label`) VALUES (217,'Trinité-et-Tobago');
INSERT INTO `country` (`id`,`label`) VALUES (218,'Émirats Arabes Unis');
INSERT INTO `country` (`id`,`label`) VALUES (219,'Tunisie');
INSERT INTO `country` (`id`,`label`) VALUES (220,'Turquie');
INSERT INTO `country` (`id`,`label`) VALUES (221,'Turkménistan');
INSERT INTO `country` (`id`,`label`) VALUES (222,'Îles Turks et Caïques');
INSERT INTO `country` (`id`,`label`) VALUES (223,'Tuvalu');
INSERT INTO `country` (`id`,`label`) VALUES (224,'Ouganda');
INSERT INTO `country` (`id`,`label`) VALUES (225,'Ukraine');
INSERT INTO `country` (`id`,`label`) VALUES (226,'L\'ex-République Yougoslave de Macédoine');
INSERT INTO `country` (`id`,`label`) VALUES (227,'Égypte');
INSERT INTO `country` (`id`,`label`) VALUES (228,'Royaume-Uni');
INSERT INTO `country` (`id`,`label`) VALUES (229,'Île de Man');
INSERT INTO `country` (`id`,`label`) VALUES (230,'République-Unie de Tanzanie');
INSERT INTO `country` (`id`,`label`) VALUES (231,'États-Unis');
INSERT INTO `country` (`id`,`label`) VALUES (232,'Îles Vierges des États-Unis');
INSERT INTO `country` (`id`,`label`) VALUES (233,'Burkina Faso');
INSERT INTO `country` (`id`,`label`) VALUES (234,'Uruguay');
INSERT INTO `country` (`id`,`label`) VALUES (235,'Ouzbékistan');
INSERT INTO `country` (`id`,`label`) VALUES (236,'Venezuela');
INSERT INTO `country` (`id`,`label`) VALUES (237,'Wallis et Futuna');
INSERT INTO `country` (`id`,`label`) VALUES (238,'Samoa');
INSERT INTO `country` (`id`,`label`) VALUES (239,'Yémen');
INSERT INTO `country` (`id`,`label`) VALUES (240,'Serbie-et-Monténégro');
INSERT INTO `country` (`id`,`label`) VALUES (241,'Zambie');


-- -----------------------------------------------------
-- Table `secretCellarNew`.`region`
-- -----------------------------------------------------
DROP TABLE IF EXISTS `secretCellarNew`.`region` ;

CREATE TABLE IF NOT EXISTS `secretCellarNew`.`region` (
  `id` INT NOT NULL AUTO_INCREMENT,
  `label` VARCHAR(45) NULL,
  PRIMARY KEY (`id`))
ENGINE = InnoDB;

INSERT INTO `region` (`id`,`label`) VALUES (1,'champagne');
INSERT INTO `region` (`id`,`label`) VALUES (2,'bourgogne');
INSERT INTO `region` (`id`,`label`) VALUES (4,'alsace');
INSERT INTO `region` (`id`,`label`) VALUES (5,'beaujolais');
INSERT INTO `region` (`id`,`label`) VALUES (6,'savoie');
INSERT INTO `region` (`id`,`label`) VALUES (7,'vallée du rhône');
INSERT INTO `region` (`id`,`label`) VALUES (8,'provence');
INSERT INTO `region` (`id`,`label`) VALUES (9,'corse');
INSERT INTO `region` (`id`,`label`) VALUES (10,'languedoc roussillon');
INSERT INTO `region` (`id`,`label`) VALUES (11,'sud-ouest');
INSERT INTO `region` (`id`,`label`) VALUES (12,'bordelais');
INSERT INTO `region` (`id`,`label`) VALUES (13,'vallée de la loire');
INSERT INTO `region` (`id`,`label`) VALUES (14,'jura');



-- -----------------------------------------------------
-- Table `secretCellarNew`.`appellation`
-- -----------------------------------------------------
DROP TABLE IF EXISTS `secretCellarNew`.`appellation` ;

CREATE TABLE IF NOT EXISTS `secretCellarNew`.`appellation` (
  `id` INT NOT NULL AUTO_INCREMENT,
  `label` VARCHAR(45) NULL,
  `region_id` INT NOT NULL,
  PRIMARY KEY (`id`, `region_id`),
  INDEX `fk_appellation_region1_idx` (`region_id` ASC) VISIBLE,
  CONSTRAINT `fk_appellation_region1`
    FOREIGN KEY (`region_id`)
    REFERENCES `secretCellarNew`.`region` (`id`)
    ON DELETE NO ACTION
    ON UPDATE NO ACTION)
ENGINE = InnoDB;
INSERT INTO `appellation` (`id`,`label`,`region_id`) VALUES (3,'margaux',12);
INSERT INTO `appellation` (`id`,`label`,`region_id`) VALUES (4,'haut-médoc',12);
INSERT INTO `appellation` (`id`,`label`,`region_id`) VALUES (5,'graves',12);
INSERT INTO `appellation` (`id`,`label`,`region_id`) VALUES (6,'saint-estephe',12);
INSERT INTO `appellation` (`id`,`label`,`region_id`) VALUES (7,'saint-émilion',12);
INSERT INTO `appellation` (`id`,`label`,`region_id`) VALUES (8,'pauillac',12);
INSERT INTO `appellation` (`id`,`label`,`region_id`) VALUES (9,'pomerol',12);
INSERT INTO `appellation` (`id`,`label`,`region_id`) VALUES (10,'saint-julien',12);
INSERT INTO `appellation` (`id`,`label`,`region_id`) VALUES (11,'bordeaux supérieur',12);
INSERT INTO `appellation` (`id`,`label`,`region_id`) VALUES (12,'pessac-léognan',12);
INSERT INTO `appellation` (`id`,`label`,`region_id`) VALUES (13,'blaye',12);
INSERT INTO `appellation` (`id`,`label`,`region_id`) VALUES (14,'loupiac',12);
INSERT INTO `appellation` (`id`,`label`,`region_id`) VALUES (15,'cadillac',12);
INSERT INTO `appellation` (`id`,`label`,`region_id`) VALUES (16,'sauternes',12);
INSERT INTO `appellation` (`id`,`label`,`region_id`) VALUES (17,'medoc',12);
INSERT INTO `appellation` (`id`,`label`,`region_id`) VALUES (18,'gewurztraminer',4);
INSERT INTO `appellation` (`id`,`label`,`region_id`) VALUES (19,'riesling',4);
INSERT INTO `appellation` (`id`,`label`,`region_id`) VALUES (20,'pinot gris',4);
INSERT INTO `appellation` (`id`,`label`,`region_id`) VALUES (21,'gruenspiel',4);
INSERT INTO `appellation` (`id`,`label`,`region_id`) VALUES (22,'engelgarten',4);
INSERT INTO `appellation` (`id`,`label`,`region_id`) VALUES (23,'morgon',5);
INSERT INTO `appellation` (`id`,`label`,`region_id`) VALUES (24,'julienas',5);
INSERT INTO `appellation` (`id`,`label`,`region_id`) VALUES (25,'moulin à vent',5);
INSERT INTO `appellation` (`id`,`label`,`region_id`) VALUES (26,'brouilly',5);
INSERT INTO `appellation` (`id`,`label`,`region_id`) VALUES (27,'chirouble',5);
INSERT INTO `appellation` (`id`,`label`,`region_id`) VALUES (28,'aloxe-corton',2);
INSERT INTO `appellation` (`id`,`label`,`region_id`) VALUES (29,'corton',2);
INSERT INTO `appellation` (`id`,`label`,`region_id`) VALUES (30,'chorey-les-beaune',2);
INSERT INTO `appellation` (`id`,`label`,`region_id`) VALUES (31,'saint-aubin',2);
INSERT INTO `appellation` (`id`,`label`,`region_id`) VALUES (32,'savigny-les-beaune',2);
INSERT INTO `appellation` (`id`,`label`,`region_id`) VALUES (33,'pommard',2);
INSERT INTO `appellation` (`id`,`label`,`region_id`) VALUES (34,'chevrey-chambertin',2);
INSERT INTO `appellation` (`id`,`label`,`region_id`) VALUES (35,'marsannay',2);
INSERT INTO `appellation` (`id`,`label`,`region_id`) VALUES (36,'côtes de nuit',2);
INSERT INTO `appellation` (`id`,`label`,`region_id`) VALUES (37,'irancy',2);
INSERT INTO `appellation` (`id`,`label`,`region_id`) VALUES (38,'coulanges-la-vinneuse',2);
INSERT INTO `appellation` (`id`,`label`,`region_id`) VALUES (39,'puilly-fuissée',2);
INSERT INTO `appellation` (`id`,`label`,`region_id`) VALUES (40,'chablis',2);
INSERT INTO `appellation` (`id`,`label`,`region_id`) VALUES (41,'mercurey',2);
INSERT INTO `appellation` (`id`,`label`,`region_id`) VALUES (42,'vosne-romanée',2);
INSERT INTO `appellation` (`id`,`label`,`region_id`) VALUES (43,'voirin-jumel',1);
INSERT INTO `appellation` (`id`,`label`,`region_id`) VALUES (44,'canard duchene',1);
INSERT INTO `appellation` (`id`,`label`,`region_id`) VALUES (45,'hutasse et fils',1);
INSERT INTO `appellation` (`id`,`label`,`region_id`) VALUES (46,'ayala',1);
INSERT INTO `appellation` (`id`,`label`,`region_id`) VALUES (47,'le brun serveney',1);
INSERT INTO `appellation` (`id`,`label`,`region_id`) VALUES (48,'château neuf du pape',7);
INSERT INTO `appellation` (`id`,`label`,`region_id`) VALUES (49,'crozes hermitage',7);
INSERT INTO `appellation` (`id`,`label`,`region_id`) VALUES (50,'côte du rhône chusclan',7);
INSERT INTO `appellation` (`id`,`label`,`region_id`) VALUES (51,'condrieu',7);
INSERT INTO `appellation` (`id`,`label`,`region_id`) VALUES (52,'arbois',14);
INSERT INTO `appellation` (`id`,`label`,`region_id`) VALUES (53,'côtes du jura',14);
INSERT INTO `appellation` (`id`,`label`,`region_id`) VALUES (54,'château-chalon ',14);
INSERT INTO `appellation` (`id`,`label`,`region_id`) VALUES (55,'collioure',10);
INSERT INTO `appellation` (`id`,`label`,`region_id`) VALUES (56,'pic saint loup',10);
INSERT INTO `appellation` (`id`,`label`,`region_id`) VALUES (57,'fitoux',10);
INSERT INTO `appellation` (`id`,`label`,`region_id`) VALUES (58,'cabardes',10);
INSERT INTO `appellation` (`id`,`label`,`region_id`) VALUES (59,'côteaux du languedoc',10);
INSERT INTO `appellation` (`id`,`label`,`region_id`) VALUES (60,'rivesaltes',10);
INSERT INTO `appellation` (`id`,`label`,`region_id`) VALUES (61,'côtes du roussillon villages',10);
INSERT INTO `appellation` (`id`,`label`,`region_id`) VALUES (62,'languedoc',10);
INSERT INTO `appellation` (`id`,`label`,`region_id`) VALUES (63,'bandol',8);
INSERT INTO `appellation` (`id`,`label`,`region_id`) VALUES (64,'cahors',11);
INSERT INTO `appellation` (`id`,`label`,`region_id`) VALUES (65,'madiran',11);
INSERT INTO `appellation` (`id`,`label`,`region_id`) VALUES (66,'jurançon',11);
INSERT INTO `appellation` (`id`,`label`,`region_id`) VALUES (67,'chinon',13);
INSERT INTO `appellation` (`id`,`label`,`region_id`) VALUES (68,'sancerre',13);
INSERT INTO `appellation` (`id`,`label`,`region_id`) VALUES (69,'la roulerie',13);

-- -----------------------------------------------------
-- Table `secretCellarNew`.`type`
-- -----------------------------------------------------
DROP TABLE IF EXISTS `secretCellarNew`.`type` ;

CREATE TABLE IF NOT EXISTS `secretCellarNew`.`type` (
  `id` INT NOT NULL AUTO_INCREMENT,
  `label` VARCHAR(45) NULL,
  PRIMARY KEY (`id`))
ENGINE = InnoDB;

INSERT INTO `type` (`id`,`label`) VALUES (1,'sec');
INSERT INTO `type` (`id`,`label`) VALUES (2,'moelleux');
INSERT INTO `type` (`id`,`label`) VALUES (3,'liquoreux');
INSERT INTO `type` (`id`,`label`) VALUES (4,'pétillant');



-- -----------------------------------------------------
-- Table `secretCellarNew`.`grapeVariety`
-- -----------------------------------------------------
DROP TABLE IF EXISTS `secretCellarNew`.`grapeVariety` ;

CREATE TABLE IF NOT EXISTS `secretCellarNew`.`grapeVariety` (
  `id` INT NOT NULL AUTO_INCREMENT,
  `label` VARCHAR(45) NULL,
  PRIMARY KEY (`id`))
ENGINE = InnoDB;
INSERT INTO `grapeVariety` (`id`,`label`) VALUES (1,'cabernet-franc noir');
INSERT INTO `grapeVariety` (`id`,`label`) VALUES (2,'cabernet-sauvignon noir');
INSERT INTO `grapeVariety` (`id`,`label`) VALUES (3,'carignan noir');
INSERT INTO `grapeVariety` (`id`,`label`) VALUES (4,'chardonnay blanc');
INSERT INTO `grapeVariety` (`id`,`label`) VALUES (5,'chenin blanc');
INSERT INTO `grapeVariety` (`id`,`label`) VALUES (6,'gamay noir');
INSERT INTO `grapeVariety` (`id`,`label`) VALUES (7,'gewurztraminer noir');
INSERT INTO `grapeVariety` (`id`,`label`) VALUES (8,'gewurztraminer blanc');
INSERT INTO `grapeVariety` (`id`,`label`) VALUES (9,'gewurztraminer rosé');
INSERT INTO `grapeVariety` (`id`,`label`) VALUES (10,'grenache noir');
INSERT INTO `grapeVariety` (`id`,`label`) VALUES (11,'merlot noir');
INSERT INTO `grapeVariety` (`id`,`label`) VALUES (12,'muscat blanc');
INSERT INTO `grapeVariety` (`id`,`label`) VALUES (13,'muscat noir');
INSERT INTO `grapeVariety` (`id`,`label`) VALUES (14,'pinot noir');
INSERT INTO `grapeVariety` (`id`,`label`) VALUES (15,'riesling blanc');
INSERT INTO `grapeVariety` (`id`,`label`) VALUES (16,'sauvignon blanc');
INSERT INTO `grapeVariety` (`id`,`label`) VALUES (17,'syrah noir');
INSERT INTO `grapeVariety` (`id`,`label`) VALUES (18,'ugni blanc');
INSERT INTO `grapeVariety` (`id`,`label`) VALUES (19,'viognier blanc');
INSERT INTO `grapeVariety` (`id`,`label`) VALUES (20,'pinot blanc');


-- -----------------------------------------------------
-- Table `secretCellarNew`.`wine`
-- -----------------------------------------------------
CREATE TABLE IF NOT EXISTS `secretCellarNew`.`wine` (
  `id` INT NOT NULL AUTO_INCREMENT,
  `domaine` VARCHAR(255) NOT NULL,
  `description` LONGTEXT NULL,
  `comment` LONGTEXT NULL,
  `rank` FLOAT NULL,
  `price` FLOAT NULL,
  `stock` INT NULL,
  `value` FLOAT NULL,
  `cellarLocation` VARCHAR(45) NULL,
  `picture` BLOB NULL,
  `drinkBefore` INT NULL,
  `vintage` INT NOT NULL,
  `purchaseDate` DATE NULL,
  `color_id` INT NOT NULL,
  `country_id` INT NOT NULL,
  `region_id` INT NOT NULL,
  `appellation_id` INT NOT NULL,
  `type_id` INT NOT NULL,
  PRIMARY KEY (`id`, `color_id`, `country_id`, `region_id`, `appellation_id`, `type_id`),
  INDEX `fk_wine_color1_idx` (`color_id` ASC) VISIBLE,
  INDEX `fk_wine_country1_idx` (`country_id` ASC) VISIBLE,
  INDEX `fk_wine_region1_idx` (`region_id` ASC) VISIBLE,
  INDEX `fk_wine_appellation1_idx` (`appellation_id` ASC) VISIBLE,
  INDEX `fk_wine_type1_idx` (`type_id` ASC) VISIBLE,
  CONSTRAINT `fk_wine_color1`
    FOREIGN KEY (`color_id`)
    REFERENCES `secretCellarNew`.`color` (`id`)
    ON DELETE NO ACTION
    ON UPDATE NO ACTION,
  CONSTRAINT `fk_wine_country1`
    FOREIGN KEY (`country_id`)
    REFERENCES `secretCellarNew`.`country` (`id`)
    ON DELETE NO ACTION
    ON UPDATE NO ACTION,
  CONSTRAINT `fk_wine_region1`
    FOREIGN KEY (`region_id`)
    REFERENCES `secretCellarNew`.`region` (`id`)
    ON DELETE NO ACTION
    ON UPDATE NO ACTION,
  CONSTRAINT `fk_wine_appellation1`
    FOREIGN KEY (`appellation_id`)
    REFERENCES `secretCellarNew`.`appellation` (`id`)
    ON DELETE NO ACTION
    ON UPDATE NO ACTION,
    CONSTRAINT `fk_wine_type1`
    FOREIGN KEY (`type_id`)
    REFERENCES `secretCellarNew`.`type` (`id`)
    ON DELETE NO ACTION
    ON UPDATE NO ACTION)
ENGINE = InnoDB;

INSERT INTO `wine` (`id`,`domaine`,`description`,`comment`,`rank`,`price`,`stock`,`value`,`cellarLocation`,`picture`,`drinkBefore`,`vintage`,`purchaseDate`,`color_id`,`country_id`,`region_id`,`appellation_id`,`type_id`) VALUES (2,'domaine bergeron','There are many variations of passages of Lorem Ipsum available, but the majority have suffered alteration in some form, by injected humour, or randomised words which don\'t look even slightly believable. ','Lorem Ipsum is therefore always free ',3,7.5,6,10,'A-24',NULL,2024,2014,'2018-01-28',1,75,5,24,1);
INSERT INTO `wine` (`id`,`domaine`,`description`,`comment`,`rank`,`price`,`stock`,`value`,`cellarLocation`,`picture`,`drinkBefore`,`vintage`,`purchaseDate`,`color_id`,`country_id`,`region_id`,`appellation_id`,`type_id`) VALUES (3,'clos saint apolline','There are many variations of passages of Lorem Ipsum available, but the majority have suffered alteration in some form, by injected humour, or randomised words which don\'t look even slightly believable. ','Lorem Ipsum is therefore always free ',5,15,3,20,'B-10',NULL,2030,2015,'2018-01-28',2,75,4,18,1);
INSERT INTO `wine` (`id`,`domaine`,`description`,`comment`,`rank`,`price`,`stock`,`value`,`cellarLocation`,`picture`,`drinkBefore`,`vintage`,`purchaseDate`,`color_id`,`country_id`,`region_id`,`appellation_id`,`type_id`) VALUES (5,'château giscours','There are many variations of passages of Lorem Ipsum available, but the majority have suffered alteration in some form, by injected humour, or randomised words which don\'t look even slightly believable. ','Lorem Ipsum is therefore always free ',5,13,12,30,'C-10',NULL,2026,2006,'2018-01-28',1,75,12,3,1);
INSERT INTO `wine` (`id`,`domaine`,`description`,`comment`,`rank`,`price`,`stock`,`value`,`cellarLocation`,`picture`,`drinkBefore`,`vintage`,`purchaseDate`,`color_id`,`country_id`,`region_id`,`appellation_id`,`type_id`) VALUES (12,'château cantenac brown','There are many variations of passages of Lorem Ipsum available, but the majority have suffered alteration in some form, by injected humour, or randomised words which don\'t look even slightly believable. ','Lorem Ipsum is therefore always free ',3,4.3,1,10,'D-01',NULL,2030,2010,'2018-01-28',1,75,12,3,1);
INSERT INTO `wine` (`id`,`domaine`,`description`,`comment`,`rank`,`price`,`stock`,`value`,`cellarLocation`,`picture`,`drinkBefore`,`vintage`,`purchaseDate`,`color_id`,`country_id`,`region_id`,`appellation_id`,`type_id`) VALUES (13,'château la lagune','There are many variations of passages of Lorem Ipsum available, but the majority have suffered alteration in some form, by injected humour, or randomised words which don\'t look even slightly believable. ','Lorem Ipsum is therefore always free ',4,7.1,2,12,'D-02',NULL,2025,2012,'2018-01-28',3,75,12,4,1);
INSERT INTO `wine` (`id`,`domaine`,`description`,`comment`,`rank`,`price`,`stock`,`value`,`cellarLocation`,`picture`,`drinkBefore`,`vintage`,`purchaseDate`,`color_id`,`country_id`,`region_id`,`appellation_id`,`type_id`) VALUES (14,'château duhars milon','There are many variations of passages of Lorem Ipsum available, but the majority have suffered alteration in some form, by injected humour, or randomised words which don\'t look even slightly believable. ','Lorem Ipsum is therefore always free ',5,9,20,15,'D-03',NULL,2035,2019,'2018-01-28',1,75,12,8,1);




-- -----------------------------------------------------
-- Table `secretCellarNew`.`wine_has_grapeVariety`
-- -----------------------------------------------------
DROP TABLE IF EXISTS `secretCellarNew`.`wine_has_grapeVariety` ;

CREATE TABLE IF NOT EXISTS `secretCellarNew`.`wine_has_grapeVariety` (
  `wine_id` INT NOT NULL,
  `grapeVariety_id` INT NOT NULL,
  PRIMARY KEY (`wine_id`, `grapeVariety_id`),
  INDEX `fk_wine_has_grapeVariety_grapeVariety1_idx` (`grapeVariety_id` ASC) VISIBLE,
  INDEX `fk_wine_has_grapeVariety_wine1_idx` (`wine_id` ASC) VISIBLE,
  CONSTRAINT `fk_wine_has_grapeVariety_wine1`
    FOREIGN KEY (`wine_id`)
    REFERENCES `secretCellarNew`.`wine` (`id`)
    ON DELETE NO ACTION
    ON UPDATE NO ACTION,
  CONSTRAINT `fk_wine_has_grapeVariety_grapeVariety1`
    FOREIGN KEY (`grapeVariety_id`)
    REFERENCES `secretCellarNew`.`grapeVariety` (`id`)
    ON DELETE NO ACTION
    ON UPDATE NO ACTION)
ENGINE = InnoDB;

INSERT INTO `wine_has_grapeVariety` (`wine_id`,`grapeVariety_id`) VALUES (2,6);
INSERT INTO `wine_has_grapeVariety` (`wine_id`,`grapeVariety_id`) VALUES (2,7);
INSERT INTO `wine_has_grapeVariety` (`wine_id`,`grapeVariety_id`) VALUES (3,12);
INSERT INTO `wine_has_grapeVariety` (`wine_id`,`grapeVariety_id`) VALUES (12,12);
INSERT INTO `wine_has_grapeVariety` (`wine_id`,`grapeVariety_id`) VALUES (14,12);
INSERT INTO `wine_has_grapeVariety` (`wine_id`,`grapeVariety_id`) VALUES (5,14);
INSERT INTO `wine_has_grapeVariety` (`wine_id`,`grapeVariety_id`) VALUES (13,14);
INSERT INTO `wine_has_grapeVariety` (`wine_id`,`grapeVariety_id`) VALUES (14,18);
INSERT INTO `wine_has_grapeVariety` (`wine_id`,`grapeVariety_id`) VALUES (13,20);


-- -----------------------------------------------------
-- Table `secretCellarNew`.`wine_has_winePairing`
-- -----------------------------------------------------
DROP TABLE IF EXISTS `secretCellarNew`.`wine_has_winePairing` ;

CREATE TABLE IF NOT EXISTS `secretCellarNew`.`wine_has_winePairing` (
  `wine_id` INT NOT NULL,
  `winePairing_id` INT NOT NULL,
  PRIMARY KEY (`wine_id`, `winePairing_id`),
  INDEX `fk_wine_has_winePairing_winePairing1_idx` (`winePairing_id` ASC) VISIBLE,
  INDEX `fk_wine_has_winePairing_wine1_idx` (`wine_id` ASC) VISIBLE,
  CONSTRAINT `fk_wine_has_winePairing_wine1`
    FOREIGN KEY (`wine_id`)
    REFERENCES `secretCellarNew`.`wine` (`id`)
    ON DELETE NO ACTION
    ON UPDATE NO ACTION,
  CONSTRAINT `fk_wine_has_winePairing_winePairing1`
    FOREIGN KEY (`winePairing_id`)
    REFERENCES `secretCellarNew`.`winePairing` (`id`)
    ON DELETE NO ACTION
    ON UPDATE NO ACTION)
ENGINE = InnoDB;

INSERT INTO `wine_has_winePairing` (`wine_id`,`winePairing_id`) VALUES (3,1);
INSERT INTO `wine_has_winePairing` (`wine_id`,`winePairing_id`) VALUES (3,2);
INSERT INTO `wine_has_winePairing` (`wine_id`,`winePairing_id`) VALUES (5,3);
INSERT INTO `wine_has_winePairing` (`wine_id`,`winePairing_id`) VALUES (12,4);
INSERT INTO `wine_has_winePairing` (`wine_id`,`winePairing_id`) VALUES (12,5);
INSERT INTO `wine_has_winePairing` (`wine_id`,`winePairing_id`) VALUES (12,6);
INSERT INTO `wine_has_winePairing` (`wine_id`,`winePairing_id`) VALUES (2,7);
INSERT INTO `wine_has_winePairing` (`wine_id`,`winePairing_id`) VALUES (13,7);
INSERT INTO `wine_has_winePairing` (`wine_id`,`winePairing_id`) VALUES (13,8);



-- -----------------------------------------------------
-- Table `secretCellarNew`.`user`
-- -----------------------------------------------------
DROP TABLE IF EXISTS `secretCellarNew`.`user` ;

CREATE TABLE IF NOT EXISTS `secretCellarNew`.`user` (
  `id` INT NOT NULL AUTO_INCREMENT,
  `firstname` VARCHAR(45) NOT NULL,
  `lastname` VARCHAR(45) NOT NULL,
  `email` VARCHAR(45) NOT NULL,
  `password` VARCHAR(255) NOT NULL,
  `avatar` BLOB NULL,
  `dateOfBirth` DATE NOT NULL,
  `role` VARCHAR(45) NULL,
  PRIMARY KEY (`id`))
ENGINE = InnoDB;

INSERT INTO `user` (`id`,`firstname`,`lastname`,`email`,`password`,`avatar`,`dateOfBirth`,`role`) 
VALUES (1,'admin','admin','admin@admin.fr','admin',NULL,'1989-10-09','admin'),
(2,'user','user','user@user.fr','user',NULL,'1989-10-09','user');

-- -----------------------------------------------------
-- Table `secretCellarNew`.`user_has_wine`
-- -----------------------------------------------------
DROP TABLE IF EXISTS `secretCellarNew`.`user_has_wine` ;

CREATE TABLE IF NOT EXISTS `secretCellarNew`.`user_has_wine` (
  `user_id` INT NOT NULL,
  `wine_id` INT NOT NULL,
  PRIMARY KEY (`user_id`, `wine_id`),
  INDEX `fk_user_has_wine_wine1_idx` (`wine_id` ASC) VISIBLE,
  INDEX `fk_user_has_wine_user_idx` (`user_id` ASC) VISIBLE,
  CONSTRAINT `fk_user_has_wine_user`
    FOREIGN KEY (`user_id`)
    REFERENCES `secretCellarNew`.`user` (`id`)
    ON DELETE NO ACTION
    ON UPDATE NO ACTION,
  CONSTRAINT `fk_user_has_wine_wine1`
    FOREIGN KEY (`wine_id`)
    REFERENCES `secretCellarNew`.`wine` (`id`)
    ON DELETE NO ACTION
    ON UPDATE NO ACTION)
ENGINE = InnoDB;

INSERT INTO `user_has_wine` (`user_id`,`wine_id`) VALUES (1,2);
INSERT INTO `user_has_wine` (`user_id`,`wine_id`) VALUES (1,3);
INSERT INTO `user_has_wine` (`user_id`,`wine_id`) VALUES (1,5);
INSERT INTO `user_has_wine` (`user_id`,`wine_id`) VALUES (1,12);
INSERT INTO `user_has_wine` (`user_id`,`wine_id`) VALUES (1,13);
INSERT INTO `user_has_wine` (`user_id`,`wine_id`) VALUES (1,14);
